iter	Logloss
0	0.6854033342
1	0.6768035672
2	0.6688986055
3	0.6608508387
4	0.6526451165
5	0.6452749266
6	0.638326442
7	0.6310978883
8	0.624070361
9	0.6171483682
10	0.6102413529
11	0.603131623
12	0.5961534432
13	0.5894748552
14	0.5830730898
15	0.5767605829
16	0.5707177994
17	0.5643983665
18	0.5582991363
19	0.5524215806
20	0.5466903362
21	0.5412182531
22	0.5355241924
23	0.5299818539
24	0.5244386497
25	0.5189930152
26	0.5134992884
27	0.5082691815
28	0.5031069925
29	0.497977875
